,SOL,BTC,ETH,USDC
2022-01-01,101.01342830602246,99.74347139765763,101.31537707620137,103.06605971281606
2022-01-02,100.56057828907909,99.29634743456526,104.53561098935063,104.66860239716986
2022-01-03,99.63647808990632,100.39369131589268,103.58764507831997,103.71459046962977
2022-01-04,100.13857075691377,96.57214472849645,100.03475908286312,102.56898497129554
2022-01-05,98.13012925489689,97.19840993512085,98.23808664195562,99.6923276259465
2022-01-06,101.02624134347893,96.77894766894136,98.39041109174218,96.8715368321824
2022-01-07,99.94650778152558,97.01300288857185,96.14515454902983,97.61880002798785
2022-01-08,98.76586229316479,96.4664437573241,95.00736007542027,101.2546672617891
2022-01-09,98.75895416482729,94.44506480928293,96.5893179602832,98.80259584411178
2022-01-10,99.19124895977576,90.76233038515197,94.042864132126,99.21136438577959
2022-01-11,100.67607565726371,91.091558542327,93.8441547907974,98.63374848943647
2022-01-12,97.71917503713198,89.79834223702863,92.99835849926372,100.73883379480375
2022-01-13,98.41028078782541,86.6499402404983,93.61974371435639,99.98312676467904
2022-01-14,97.09764116155166,87.72730450603821,95.56890588441317,101.86536935409238
2022-01-15,95.48733985125682,87.20232260187271,96.22118933956514,103.87322772188128
2022-01-16,94.59133585328506,86.89596518685364,94.11137623729671,101.40892550611456
2022-01-17,96.14741217956684,89.27038010604515,93.99465907964536,103.46455114892112
2022-01-18,96.86204902118746,88.13643246791601,94.6928431461142,106.6678893191515
2022-01-19,96.81201775986163,90.91210195254966,89.75035947025602,108.44263500437192
2022-01-20,96.99992420973797,90.38661663833787,89.93302079573668,104.1535793243308
2022-01-21,96.59316106515496,91.05025790362481,92.60923691708851,103.09481607438762
2022-01-22,95.05058064127981,90.15476579073889,94.32325259632546,103.79328574129482
2022-01-23,94.06251045803407,91.09826684830401,94.52525065101648,105.82482132412817
2022-01-24,92.760585430427,90.51949742833663,93.80287327200419,102.74846213056755
2022-01-25,93.3285033526797,91.01021316859712,93.83122698516688,102.28694247919536
2022-01-26,90.7052803924555,90.26275480136587,93.2068467587372,100.66615008990645
2022-01-27,90.43083213453474,91.01022222064479,96.74159693314137,101.03776484610239
2022-01-28,90.91472822395433,90.89291747834297,93.04844542218052,101.00439434481568
2022-01-29,91.04242743295231,95.38892130302472,92.70907733660907,101.63374735725856
2022-01-30,90.99743104294971,93.17842034010407,94.84662012593468,103.18250954420331
2022-01-31,92.45526803023472,91.50235029387447,97.52659543244341,100.31021583278982
2022-02-01,93.55891968189573,95.52928752345431,95.61402804268671,99.19416892631493
2022-02-02,93.76409694708062,94.58645997049648,92.66784731264075,99.35002870620019
2022-02-03,91.79073079844888,95.50128589214269,90.98235959103287,102.44961926456581
2022-02-04,90.37118110253188,94.90524037064081,92.48087038303558,99.94807757671876
2022-02-05,90.80037179762598,97.40531536459325,89.52613758394499,100.3371431765516
2022-02-06,91.29048095881677,98.94787049536059,87.32925442092917,97.70739372027768
2022-02-07,92.26170498615983,99.55538008918336,87.78422734898294,98.40394623120186
2022-02-08,91.02535252224565,100.03773326716082,88.31632700696834,97.01772704985511
2022-02-09,94.44021324482954,101.0057642409217,86.22975928789984,98.31107737118577
2022-02-10,92.6181183918366,102.61596703223528,88.2451135975541,96.71709632872722
2022-02-11,94.42116370339936,103.48364850544274,89.71361846432833,100.40548594037288
2022-02-12,93.97665130670052,101.94435786917961,88.13553002486243,98.78733047561879
2022-02-13,93.85053142774666,102.66031712092317,88.64088293590648,100.44139244144226
2022-02-14,93.89370622327836,105.66525457048812,88.189422805029,105.9258322953013
2022-02-15,95.08740948741391,103.87495219328733,86.3182328637851,106.96914330464354
2022-02-16,94.68145702184184,105.37906252752198,87.15247721991473,106.83472820541017
2022-02-17,93.09688005277302,102.20747473183121,86.39161003159127,108.68595779959105
2022-02-18,93.51412862113035,99.68143993182423,86.70811593381849,109.5452667606041
2022-02-19,91.87976828742148,100.00784701809702,86.82640092315273,107.06303609045015
2022-02-20,92.55561263637834,101.14950564996366,88.72451503254248,109.34091364025231
2022-02-21,90.0239031116728,99.2725247676222,89.65618502170388,110.48633832874569
2022-02-22,90.96923995249327,106.94178691915613,90.69779356378505,113.01772538672128
2022-02-23,92.72313010725006,108.35639416450289,90.14404862514981,114.75586843057226
2022-02-24,91.3084992749169,107.86484923738762,89.2870247297472,114.96673036360406
2022-02-25,95.55372097590765,103.85817663753247,90.53036474647335,111.28155029535347
2022-02-26,94.67093480363718,106.14087674184765,90.6648566909151,108.90514441119865
2022-02-27,93.3354995741149,107.60476693527028,89.35861794232407,109.39839451923028
2022-02-28,93.4392360829084,106.22398181787602,93.20808728126704,110.80726866406994
2022-03-01,89.67336840499993,106.64134500907822,91.99305188732943,112.71854630874223
2022-03-02,88.26994299575937,106.41796030928832,92.9405569168607,114.69282335692597
2022-03-03,86.16859507578197,105.72730511656758,92.07631139375707,113.2171184362875
2022-03-04,89.2283630259092,106.60480307601887,89.7727757838209,115.318115555332
2022-03-05,93.0333391694089,108.82743915231178,87.06276915325245,114.22435996303068
2022-03-06,95.40924533003847,107.30892752595071,87.85298467545157,116.01684641419396
2022-03-07,93.65957244377086,107.20263726906406,82.17545507326406,113.66312531041123
2022-03-08,93.20519585681167,104.54876483958553,84.87477299962516,110.43477116237842
2022-03-09,92.40354824461699,104.84304990994696,87.33830281902327,107.28547595488646
2022-03-10,94.57163811203871,104.88547582647311,85.64130448389274,108.2984728736123
2022-03-11,94.96706046951044,103.64737226644081,85.77799157707433,107.48555508583568
2022-03-12,95.2016620534206,105.04066383111635,88.51605391731803,104.84610647714776
2022-03-13,99.28206883548516,100.96069999751323,88.2650487749812,106.1007310679116
2022-03-14,99.85987432834588,99.72352854932868,87.91530337315731,105.07579602243587
2022-03-15,98.70276849197145,101.43797963459546,88.5606289289826,103.64065063576842
2022-03-16,100.49836901047576,102.08170408133044,90.01809266430686,104.96648162261575
2022-03-17,98.85221575396804,100.95843571859953,91.38149518270833,106.26884330393254
2022-03-18,98.83066281959593,101.21553118745948,93.73487005213698,105.03278492812764
2022-03-19,99.93182888831784,100.826473559331,93.34553064020147,107.36194334068878
2022-03-20,101.60152256106933,102.48710501013247,95.80141198619667,107.4285159944632
2022-03-21,103.00759206955381,101.87163559785158,96.44168415433006,107.17038019370794
2022-03-22,103.22802000385498,103.10460231734734,94.88276087714208,111.67665306670042
2022-03-23,101.17168196022222,100.6214545566162,97.09943257090801,113.46719319770473
2022-03-24,102.45478132933172,101.90607962965332,97.09506936353698,111.4537079340069
2022-03-25,102.63060307426768,100.54632293966914,99.00807474048868,111.14819686664413
2022-03-26,100.95670369202388,99.9201489117955,99.84554732118916,109.91728715454512
2022-03-27,99.31672181586751,100.4271181907813,100.35469285800833,108.82483424040991
2022-03-28,98.40094555295643,100.91328574412302,97.46832261011082,105.7832589683398
2022-03-29,97.00671392810108,100.5026753330325,98.09388905274545,108.92577539549595
2022-03-30,98.69009010519953,100.20129086509597,98.0762003547918,106.76353478257651
2022-03-31,98.6732868620362,99.6428517584858,98.72883579850131,105.01852549722959
2022-04-01,99.71793407101896,102.71730985469307,98.53382630889266,105.8832726569247
2022-04-02,101.11427231913233,101.91360756604915,98.99514686775117,105.93111580356376
2022-04-03,101.3320241261509,100.3583859724311,99.06347366313508,107.00737231992244
2022-04-04,104.29323691248807,102.30387508595263,103.34932103130012,105.38653686717147
2022-04-05,106.1336384164538,102.6994678140311,107.8962838223143,103.70393903355986
2022-04-06,104.37241045676883,101.488861593619,103.33465396149617,102.63422248706718
2022-04-07,102.80863482400375,101.81442524954221,104.06162560221259,106.5059360382812
2022-04-08,104.7834320971305,100.66004585207958,102.21262810402527,107.5750834618184
2022-04-09,102.03761745154544,104.36727232819183,104.64414411825112,106.58716627984242
2022-04-10,98.56194166058759,107.21414511810022,104.42535446559683,109.2471903744627
2022-04-11,95.43865633115736,105.95035833330122,104.45719104052557,109.37168976995603
2022-04-12,94.59867118524303,107.29137187536968,102.24766985571796,109.08211841060293
2022-04-13,94.84518705766678,108.41672711478734,103.7233386520741,106.65036799765693
2022-04-14,91.95408918525357,111.20884124702349,104.43345769587229,105.0751707799555
2022-04-15,94.82517534503222,111.48836385610052,106.91750603906729,105.2380761334109
2022-04-16,98.75235604647814,115.4246630995474,106.40651702330463,107.30404890274848
2022-04-17,100.04675442883276,118.6072247608789,104.37431543402124,108.79783170079851
2022-04-18,102.1846024740646,114.45896201459071,101.92515435228869,104.38231048164275
2022-04-19,101.65445478892914,116.12443664299393,105.00809887170189,104.557870631236
2022-04-20,104.98590618680339,112.94239144341496,101.45172145931369,104.46262322306035
2022-04-21,105.81333255187944,112.89112746095591,97.27710060227548,104.29732148551997
2022-04-22,103.07388991717572,114.4257074677896,98.00978831171955,102.35764206517058
2022-04-23,102.03517945376635,112.02456747725131,97.90652696827561,104.33343590884685
2022-04-24,100.0440118090551,113.1762842485328,96.88779463740298,102.69983965945444
2022-04-25,99.84986567951249,110.85562191841758,95.83433499237809,100.25994227737674
2022-04-26,103.79338646502568,110.95597630249883,94.51234728466311,100.70906653580683
2022-04-27,103.58096696887023,110.48780954477171,95.69217648302363,102.2549662365648
2022-04-28,102.50268672531213,109.23748918458558,95.18490900740443,97.56775981022669
2022-04-29,99.41696416710657,112.24561494255569,98.33546803180067,97.1013155923582
2022-04-30,100.5832384186682,112.9667933654983,104.41039883167853,99.29497979156658
2022-05-01,100.34602775431492,110.83049993405771,101.07668689144936,99.71889713975999
2022-05-02,98.84816110229987,107.70008424068895,99.78983332936599,97.5818254367052
2022-05-03,102.20334769744133,109.62067777940501,99.79387952506826,100.48965481413738
2022-05-04,102.38193436792626,107.75431075675495,102.85380751434884,101.59285043041508
2022-05-05,100.27850540088714,107.36566535756127,101.07316485005799,98.80351767563961
2022-05-06,102.15607510601394,111.48725425161028,98.26622646417664,99.9357451977387
2022-05-07,100.84716449786757,110.42338627221685,97.1216333991643,98.22886111853983
2022-05-08,100.96519930266827,108.61034443592328,97.66640189951795,98.14981024524478
2022-05-09,100.50288359903179,106.66065046617315,96.55931156838973,99.65227031680824
2022-05-10,101.52985661176295,104.59664903072974,96.77045261127833,101.16974942548791
2022-05-11,98.16027300670184,105.75424146732857,95.50735868051706,102.34452986185474
2022-05-12,96.68147051768162,101.95791356574735,92.41761456459976,102.46342339301695
2022-05-13,97.20301387964443,100.13426042249122,93.61644192189563,99.07901540537043
2022-05-14,97.09399137071877,97.72900304411833,92.4147136677069,99.19275548216257
2022-05-15,95.44259081171029,96.99690424567378,94.29312184702894,98.06812415019385
2022-05-16,97.05689173580079,94.82474227438477,95.31111826946295,100.91517638425793
2022-05-17,92.27850046098311,93.33239947844629,96.43020828839116,100.52555220060401
2022-05-18,92.98193185401503,92.22363822382947,96.61649175488203,100.2326665099871
2022-05-19,95.17218088193769,92.7113552676585,97.2881747495693,99.42704251151912
2022-05-20,94.26308436298237,91.92783642221445,98.07514296368004,98.6097830825973
2022-05-21,94.82823841549293,95.76196409206712,99.8034715888379,97.98652284347597
2022-05-22,97.12538406715547,94.99955450052259,95.75519420033294,96.03054270138658
2022-05-23,93.51078146718153,94.35068192372567,95.80961834869602,99.26953250797985
2022-05-24,94.14090830754898,93.95610637405112,97.41808091615515,94.89941904573944
2022-05-25,94.60335585942693,95.42344743846388,94.55674384168049,97.08923081417964
2022-05-26,95.26273445250546,94.64996803947272,95.77233104687028,101.51784511993209
2022-05-27,95.62828853462612,95.13877944428194,94.91160423026453,99.81266130744861
2022-05-28,97.2354860532356,93.52887179419159,95.0664358787749,98.87909862061115
2022-05-29,98.18640987376915,94.17171837390967,97.05815365759987,97.89027520432553
2022-05-30,97.67608613551647,92.3471154976394,96.21511961822134,98.64853424134415
2022-05-31,99.1744150592047,90.66239876674393,97.90774739461857,101.34289770285608
2022-06-01,100.01429323606192,94.08362745373516,96.41212979524715,98.84042799693529
2022-06-02,96.47634712353246,96.91750969235447,97.6931879530854,98.75031582927751
2022-06-03,97.03584940048778,94.75530128128936,102.49139274730277,99.02527854308109
2022-06-04,97.26756090665741,96.14965704369412,103.49787714755234,99.48848715610143
2022-06-05,95.74926397403507,97.07551739201446,107.414287525479,102.18546095316168
2022-06-06,98.81934276430984,96.10240196972354,105.30981644898698,101.94882615710709
2022-06-07,98.94924061702204,98.22471111291664,101.76621562224338,105.08793311468327
2022-06-08,98.65633523362779,97.40575065963606,99.72660822366898,101.63084135635788
2022-06-09,100.30028636239068,97.56806364238449,97.17368503986715,99.01876862007747
2022-06-10,99.64676038976498,100.84444122311187,96.68861081254552,96.06178508824745
2022-06-11,99.17693973735456,100.31455699136498,91.49278407420942,95.97668420928852
2022-06-12,98.73870752558642,101.7314125639798,94.89440544617482,98.15835906777302
2022-06-13,98.22746083161891,99.50038997179396,99.79733329783367,98.29424642577507
2022-06-14,98.27447110330107,99.47228093827735,100.21265938232466,98.03010931698466
2022-06-15,97.16659939115745,98.40422926973154,100.16705606796488,96.98427554445205
2022-06-16,95.80073669917432,98.63337380612596,99.6762831345095,99.92094580799349
2022-06-17,90.74059963428776,100.80628054763949,102.18032120027867,95.79742773612952
2022-06-18,90.13683419873296,100.07757036086042,99.3243573233304,94.3263304632479
2022-06-19,88.15278574861529,103.60484524679225,101.20293529600903,96.74401825119345
2022-06-20,89.4427643626123,101.28606153519006,100.16151607167309,97.71024828450577
2022-06-21,87.27444312285046,102.75065480495577,99.70012125028647,96.99731365080527
2022-06-22,88.532870717627,103.68417185913694,99.00029386454827,99.26575064476839
2022-06-23,86.63638449537115,104.9821641600002,100.19443789992725,98.67105660173897
2022-06-24,87.21881149050232,102.37626837565446,102.06612414338285,98.32590102964434
2022-06-25,86.3244296410325,104.54461662998588,100.64874475704062,95.57580168924372
2022-06-26,83.65419201561984,105.8326271140596,98.0914023644156,98.94923406443709
2022-06-27,80.18768040502155,109.44460232429265,98.52500063051434,98.7776301443787
2022-06-28,79.32980198950992,110.34015711092802,98.47054644903768,100.97701657519609
2022-06-29,79.52690108490955,110.69391154182526,97.77413869368266,100.88220799470378
2022-06-30,80.03237688169531,106.92994574856647,95.15734015250608,102.4020268948666
2022-07-01,80.32187869987789,106.55786517421954,95.21145410131764,103.13436872305776
2022-07-02,79.47085284423999,104.92048694737683,95.60343062247178,101.13691842089936
2022-07-03,80.13563090826166,101.36875302826122,97.59036750005203,102.11308686507815
2022-07-04,80.56200012025366,103.3813099719603,100.86057083549298,104.20511865370179
2022-07-05,77.61202231935947,100.75629937333301,99.62035178135994,104.28033609709291
2022-07-06,78.43107599283267,99.31398541507899,100.01239126728166,102.72576044295609
2022-07-07,77.48752222248262,96.53982581903513,98.18569845271497,99.96924901522519
2022-07-08,75.99065971939896,98.59350169460245,96.3409877322016,105.25238802788705
2022-07-09,76.7556089061294,98.97769320843607,94.70635520234248,106.74762424883899
2022-07-10,75.88729139066498,99.2390137471255,99.57442198596912,106.563890452065
2022-07-11,77.6467736449303,97.86321085148047,99.52465769601838,110.3592713291216
2022-07-12,76.68866361528181,101.43022420142506,100.95333800975561,109.1398747126968
2022-07-13,77.67397143536745,103.42343856374,102.2290045032285,105.73422010364686
2022-07-14,76.55991358516223,102.93213868350593,102.09726519695595,107.0678925511599
2022-07-15,76.8473210333882,100.20372809682291,102.8940278664247,108.3967887090565
2022-07-16,77.72305842286649,102.38973400155753,104.63071886016965,109.41394098734895
2022-07-17,77.62953316073141,99.00890498496422,105.55067026600706,109.89030234248771
2022-07-18,78.06670983431978,96.50051719729959,103.28965555134941,112.22690611226834
2022-07-19,78.02056436191506,97.83512069607461,103.36881338878547,112.31614028295984
2022-07-20,79.50027711626531,96.84494175481943,103.5882049645512,111.3001839875056
2022-07-21,78.82532576195175,96.26547561737972,104.06913137885493,110.2567478308049
2022-07-22,80.82079854062214,94.56233276372437,103.70099381138648,109.30913285226089
2022-07-23,83.17588086201202,94.95297879393284,105.86180009418378,106.08328835530429
2022-07-24,83.63675886014663,96.66143127111687,106.05718707867516,108.36509825027487
2022-07-25,82.78819962467499,99.40535437190356,110.95469188352094,107.60039054490429
2022-07-26,82.06711023109946,102.31471942250812,114.4821016366445,106.49671176057305
2022-07-27,81.39385329642047,101.75856810252972,111.42668765597851,104.56134287186482
2022-07-28,79.7755143419203,100.21632019979813,111.37167655124512,105.07205127952706
2022-07-29,82.26530893082156,98.23533609944928,113.58646360226096,104.64338075350877
2022-07-30,82.20037904549929,99.58080555905808,111.05866041422856,105.46464240313527
2022-07-31,82.49046781346985,100.58149559154006,111.72316579083544,110.66468235657732
2022-08-01,81.45481651414762,99.53344253288564,110.35312577709875,109.45738131408432
2022-08-02,80.4327424473858,101.92028739278511,113.51033808116071,108.22982489617638
2022-08-03,79.10985616715251,102.90160763003031,112.27937965972612,109.62151285729358
2022-08-04,79.44674235823695,99.80273782777687,115.77689401616887,113.58077370849237
2022-08-05,78.4889504024495,99.0488248325082,116.46198153586906,114.36324708280978
2022-08-06,79.5384171676427,103.05080254223031,116.07312143735153,112.56020243177278
2022-08-07,77.36014748777282,101.56495415837396,116.01943303873436,116.62263040012097
2022-08-08,76.57476978857486,102.03984741019366,116.00452942351782,119.41782591618752
2022-08-09,80.46007011818371,100.97686000800317,114.89218648518982,121.93553791829734
2022-08-10,81.57346287357386,104.72654952213678,116.25694064173544,121.0837155386828
2022-08-11,82.55341276420009,107.06970884078693,118.18792699460508,122.33638477144567
2022-08-12,84.3310761654485,109.59504555091178,121.4786546985576,123.9480684966641
2022-08-13,84.06607742948509,109.93854642297399,124.43425215216098,121.94770614026555
2022-08-14,84.70274902356887,109.0956721866784,124.53067581349421,125.09018112260782
2022-08-15,85.04342190131614,109.21881184981821,121.16870586374972,126.98217903358709
2022-08-16,86.15831425664452,113.96601782434676,120.44707779647679,127.56413919224762
2022-08-17,86.60527547532847,117.58433239988359,120.24160584397472,128.3015148351061
2022-08-18,87.67553742411337,118.04669544968493,119.19205627081779,128.82521594013687
2022-08-19,89.57569734488912,115.64677001029449,119.53287325973649,127.04711667995043
2022-08-20,91.73455518727013,112.14686645109211,118.2205891477482,128.03099972537413
2022-08-21,94.6251551074435,112.0218221094288,116.93151296277333,132.87353433013786
2022-08-22,91.90370933997256,107.11794147933773,117.98393037277029,131.56591465270176
2022-08-23,90.0449884019601,108.65691875700007,118.5828184876131,130.1079574158539
2022-08-24,87.75729750505451,110.57462064150916,120.1485888166367,129.87590762611129
2022-08-25,91.01596640947542,108.23025122382202,116.50682460458273,128.10463903624336
2022-08-26,90.95118849609024,108.77863106872401,115.96801302788427,129.03225855387512
2022-08-27,88.69279877219279,111.94140153926911,115.80066845196812,131.94140909803883
2022-08-28,89.31848273555538,112.98638172976989,117.1434172239175,133.1492233453372
2022-08-29,90.48448686672204,116.01250170904851,117.62726913487572,135.06391918344295
2022-08-30,90.34018999907121,119.37713622776155,116.05955100160101,139.95577342897687
2022-08-31,90.28570049924735,115.9849749694704,116.38011772931871,138.07742235432298
2022-09-01,91.82171947315962,114.49428044638701,115.36485614313641,132.8869795675446
2022-09-02,91.00945293781373,108.96677291465117,111.73339468684227,134.93454110093631
2022-09-03,92.45795967954649,109.91578101963097,109.59487082471931,134.83276981023008
2022-09-04,92.46978960320281,107.39131298547169,112.91208465248972,137.2256801194994
2022-09-05,92.07963334784596,107.47053735907555,113.40524581444215,131.64955613665893
2022-09-06,91.64284921942799,106.0261671944924,111.1561475949091,130.93575147211982
2022-09-07,94.95608009574926,107.40629467501317,109.90857770259994,132.46136975755155
2022-09-08,97.63261745014606,109.4140054902156,110.06163720105657,130.77397939707473
2022-09-09,99.01553136709225,110.29694453373075,112.05417815664755,132.46141307508935
2022-09-10,101.11377486946805,109.13830775379758,115.02897917894086,133.01139181491703
2022-09-11,105.33074683784287,107.6557995715318,119.04570785817046,133.56448186855096
2022-09-12,103.97952609072392,106.63546840411699,118.30679755845304,134.7242648620738
2022-09-13,105.08760572132894,105.43326012492913,118.27283264163995,140.52352569904212
2022-09-14,108.73949075299556,106.37440731622223,118.38638278843203,140.8889749086776
2022-09-15,110.09551128959647,104.2197031390771,117.8006625193865,136.21545070930816
2022-09-16,110.99658386789156,105.5895584538776,116.68582894430509,140.53072012689077
2022-09-17,108.2976671603487,102.51822242532229,117.2329730402285,143.50181584111078
2022-09-18,111.96663550681274,101.59784609124178,119.7855588561298,143.41999549830672
2022-09-19,111.60245887449412,103.41372458697538,121.37229317880885,138.92695637624144
2022-09-20,114.92049003940532,106.28881507594616,119.87804804525774,140.05449737198512
2022-09-21,116.0789579594506,106.8642069527775,118.58263350142211,138.20123080706264
2022-09-22,116.04284795239633,109.39203492644127,119.89558078619416,137.2044839162433
2022-09-23,117.85705884488334,103.18175585651812,122.67419851901884,132.45799418944202
2022-09-24,117.02630578947743,100.89180209354527,119.52225311129298,135.55970154543056
2022-09-25,115.95504417457872,101.6111684751684,119.43399649581671,136.88016372900665
2022-09-26,116.15639289884294,99.02416392797632,121.83764585157087,135.55583012284455
2022-09-27,112.56348540542373,98.1960938431711,125.51899417833279,137.8879915696828
2022-09-28,111.80108811364504,97.52981821576567,124.7366718147424,143.64274133698862
2022-09-29,112.67746431424106,98.3881618529239,127.33190173073994,144.35747647333847
2022-09-30,112.11623556427197,98.02146947066308,127.1750256205359,144.27888180600806
2022-10-01,113.77024051774336,98.14291000575295,129.0639310374705,144.07482362394384
2022-10-02,113.97192145615531,94.24035398864473,131.45504085998851,145.1020439097233
2022-10-03,116.269618437514,88.80031941779266,136.97187951111886,144.72596951142697
2022-10-04,118.86983222642311,86.97119991181216,138.67792975685683,141.70578293175458
2022-10-05,117.41065995874918,90.317906222087,138.17679653122963,142.3503539989216
2022-10-06,119.47724662012047,91.23134880880937,138.62011993954536,143.41787062765874
2022-10-07,125.24421160160759,91.14446226716883,139.2053714430404,146.46020652660428
2022-10-08,128.038474921497,93.32651593752495,141.01150607351838,143.141403856321
2022-10-09,132.24692426217163,91.20549280888312,141.8932100296254,141.01067005575842
2022-10-10,132.10373166574038,91.8234326604202,142.83355680895977,142.22877875507254
2022-10-11,136.39369802154764,92.67469887483747,142.16464830758014,144.99964332200534
2022-10-12,139.66570233459055,90.41787012252809,143.89166465382425,147.06203920151358
2022-10-13,138.86244716133916,92.92372329600632,143.48860802258065,147.46080219581827
2022-10-14,138.40955610967674,92.97126130279904,140.37124601961665,143.2432731892544
2022-10-15,142.85113278121065,91.41499425850212,137.61606068107065,137.10274887737273
2022-10-16,141.05417481854076,89.01427233999723,142.16293705153814,139.89914340339266
2022-10-17,139.14105607170168,93.04205387857081,144.9827829414796,139.01825058600542
2022-10-18,132.2134852685329,97.32374233478053,140.98249783146304,134.47124512975557
2022-10-19,134.9438799805575,102.09212377435195,144.91385912370558,136.01473060905084
2022-10-20,136.57603792654552,103.85508233626597,147.14242731043657,136.80685707078806
2022-10-21,136.8879806126372,103.74584106369944,144.9530522016595,136.06625293971732
2022-10-22,132.28044941756752,103.56254368607796,142.11605684488094,133.09024092674824
2022-10-23,132.78283509069453,106.46644214662882,144.75463075585438,128.93649290069735
2022-10-24,130.18127906452605,108.49094666024139,141.93918968452718,128.38301198828043
2022-10-25,131.63944503640184,106.4115127175464,142.26671580156318,124.98336436854298
2022-10-26,130.0824988671574,107.11336460712693,137.7625694094831,126.10940133480956
2022-10-27,130.05742468779815,108.31836843863351,138.40706165208192,129.57524187428876
2022-10-28,130.4091636991797,107.40978196005733,138.77327982525404,131.00911639310792
2022-10-29,130.5626815501087,107.51846281048132,136.8526807026789,129.29839694709594
2022-10-30,126.92623597756895,111.30220254297198,133.47553087500336,127.53242600025891
2022-10-31,125.12792662241175,113.31660406874684,132.71485468334953,130.7404839564724
2022-11-01,123.46750249951084,113.9715608099247,130.52413839861555,136.37578875574167
2022-11-02,120.5595997846119,114.70057012040296,132.20470685270774,137.53170747952004
2022-11-03,120.13694758458233,114.42570006896997,132.34698945027398,137.15486509527847
2022-11-04,122.4769248727445,119.50739804849677,130.89781166038313,133.42479321087194
2022-11-05,122.2851699816485,125.69718654139605,128.82000637802838,137.82545458581092
2022-11-06,126.41278560019857,124.33063628900247,130.31169845709672,142.34170977330186
2022-11-07,125.47953628058784,123.84927690211084,128.82176423965367,139.48133395424074
2022-11-08,123.87521128239834,120.84236441729361,128.9353424427528,137.36129235348926
2022-11-09,124.47919190901335,117.10617071670069,129.81437263220351,139.67865691957323
2022-11-10,119.54051571404531,118.00567860136948,133.02771710788858,136.3273719940449
2022-11-11,123.56322713102112,119.01821218803204,131.17860029719938,136.20258043253156
2022-11-12,124.96771327855298,119.2229363465208,132.61830115707568,133.7218585663481
2022-11-13,125.4159995191839,115.87583706425697,132.34981259129793,131.33115874228142
2022-11-14,123.59613826056406,118.76367885900831,135.26497635260895,132.95740127908658
2022-11-15,120.92074469849115,118.03587496462352,138.57382198190123,133.36083901043952
2022-11-16,126.55402995094676,118.98799444585863,139.13379634790306,132.5630305578819
2022-11-17,126.91734355020681,118.64895044385963,141.1320600754641,135.1260103331142
2022-11-18,124.94761313119427,115.51369237923022,135.97733754692513,136.52589236097117
2022-11-19,122.21534217681867,110.56302828409703,137.0612906958709,143.360377214903
2022-11-20,122.22494607463057,112.43926247398687,137.31301570399697,143.10551213066333
2022-11-21,124.49607253527833,111.80898521321079,138.07480720756342,144.0548678192293
2022-11-22,122.85747899824793,114.0497319780576,137.61927147550892,141.90630341167784
2022-11-23,124.20033543082367,112.02314127417053,137.72436073673356,141.90880381026815
2022-11-24,126.92254736829234,113.10908964651556,137.6829691709937,144.25815031734746
2022-11-25,130.47690554760416,114.39357978338292,137.7390133536026,140.50214057944868
2022-11-26,127.72354623242272,113.71814356795049,136.0874889692253,140.0048436416369
2022-11-27,127.8938015277024,114.94560073040093,135.92282643338993,141.39509634187095
2022-11-28,128.08429784823474,110.42716602669964,133.39646856474127,141.01590988468087
2022-11-29,125.01105667285431,111.77422004933453,137.507082964198,144.4814092956545
2022-11-30,124.5024045075034,115.12906991841561,137.94344094822216,143.53625245429504
2022-12-01,122.99990285756182,114.45563465872144,136.90010071549358,144.0541778231298
2022-12-02,123.41951451954503,114.48549846905003,138.12381832453102,147.5133400625448
2022-12-03,125.78806863057281,111.10840988687049,131.09629631114836,150.29933574643425
2022-12-04,122.37448561378,110.63116504081027,128.05456589077434,144.91266635765663
2022-12-05,123.72418496776464,112.33301567043894,126.60368102202098,137.4321519469247
2022-12-06,122.39725682169411,113.23573278314554,122.88428878796825,137.9636293444354
2022-12-07,122.38425860223587,114.5703098787497,123.20275661623737,135.306259616577
2022-12-08,125.33756577587177,114.22996829459254,123.1601172768454,132.80778093325648
2022-12-09,124.25143492270709,112.23139456884621,122.75874815984602,137.38090658648997
2022-12-10,120.86707149806519,108.6319959296367,126.39528046413851,136.83324123706444
2022-12-11,119.27386766154451,110.91306076419104,124.8896206002617,141.85778443801166
2022-12-12,120.91489924832597,109.85292842315977,130.3031066098329,140.1676484553334
2022-12-13,122.73368997095872,110.53246233710394,133.72158591137392,144.57314903466195
2022-12-14,122.83679645513736,108.88902618200855,134.97849431713362,142.64247476138385
2022-12-15,127.80772460462433,109.2081479720657,134.01927895724288,143.19786837370134
2022-12-16,124.38982323314805,107.10782620787198,137.2636549408935,141.3451907374644
2022-12-17,121.81019975626172,108.27884196814695,140.5461893908346,143.4058716321576
2022-12-18,124.26113714770834,106.66159982059091,136.57769720379662,147.74055402587138
2022-12-19,123.48405810095464,106.14784712409661,140.23304668990372,149.41365673176992
2022-12-20,124.63465235527964,110.76528345211887,138.45624285830766,152.2161791910981
2022-12-21,124.80169550577543,111.38245050683607,142.7164540198519,153.79263879651685
2022-12-22,126.1702611118667,113.79389690525998,141.70330212175136,151.2421119394039
2022-12-23,123.5590181876548,109.34146810443241,147.55906958535238,147.9353290989725
2022-12-24,123.03697238127795,108.75799294603956,148.49579432552974,150.3784432246979
2022-12-25,125.17898083219701,107.51145790561128,148.02915605163972,151.25839757416168
2022-12-26,124.5813985940101,110.98912152191328,149.51233403752016,153.51177798029136
2022-12-27,126.25796838477605,113.6161759976422,150.08353561938569,149.56090077444048
2022-12-28,127.29249575397623,112.15880564319514,148.52681911482173,151.34475557113004
2022-12-29,130.47043710538077,112.22895329714105,149.47392417862412,156.52745061675114
2022-12-30,131.12475464404952,118.09108254210672,151.19439788132806,151.04660199024298
2022-12-31,133.12661429958797,119.01492888443128,155.12470458229083,153.11044642329156
2023-01-01,132.78459609490233,116.12453651970189,154.50723610246084,150.5365971838537
2023-01-02,131.26946157800253,117.51472931538282,159.69838414012904,151.75495468538844
2023-01-03,128.1560569570459,118.58317950542163,163.55232611352727,149.93455413606728
2023-01-04,127.83818593553018,118.64173159796636,161.0175976814063,151.9085338029648
2023-01-05,127.55451773451169,119.66094105641909,158.1917640323279,150.60984252968404
2023-01-06,129.42288875242107,118.79260192790373,163.6872315460679,149.43618163849843
2023-01-07,130.03036025547866,121.03205827733557,159.07660178950476,144.20349796566958
2023-01-08,126.08873352333782,124.11252774471173,157.35266273949412,151.6103643749955
2023-01-09,124.69104596787662,124.59545282502795,162.2372354175146,157.72357592274832
2023-01-10,129.8570049218164,127.63151066917744,165.5925043262447,159.62423002310504
2023-01-11,131.90448908477518,126.2500636586256,162.9158707842532,159.64538196579028
2023-01-12,131.4819076689074,125.13091226976847,165.21750530652272,162.7275123405064
2023-01-13,131.7406821716556,128.85363219119185,161.47800826212898,162.12978340197859
2023-01-14,129.87833707784827,124.0692024630756,161.24328161434892,161.76743141538074
2023-01-15,133.83559946332753,125.65930235571021,157.9726653798514,167.79842074290846
2023-01-16,137.13072211533134,127.14735404259592,157.28869397769813,164.6121326526374
2023-01-17,136.13732858017755,129.94141363766275,163.24863409146786,169.72578724699324
2023-01-18,134.83354295869464,127.05770848009135,163.74127356569673,163.75673713406806
2023-01-19,135.73198662475428,126.7080390941705,162.2478336135297,158.56662106162887
2023-01-20,137.15337227798713,125.38343112564176,158.4839537382126,149.48943610657986
2023-01-21,137.10532771213065,129.8527275320339,163.78130909907193,148.15271276093097
2023-01-22,135.48141913991108,131.09613039250314,160.54372787657755,149.07656907643374
2023-01-23,137.58430828955218,134.33927357660627,160.2542544461503,148.49912471250278
2023-01-24,135.19589261342665,132.14449130939195,159.5604211776501,149.6198936616806
2023-01-25,137.69318957237948,130.04820673029252,164.35581359689056,148.83850795326973
2023-01-26,137.6618855920666,128.13074559321646,156.41992515297997,151.49987561000708
2023-01-27,139.71812437440002,127.43543754934561,156.66078279749573,153.093470131219
2023-01-28,135.37974847181135,126.11252344836991,159.18071748321438,149.28361841840794
2023-01-29,136.2016604018782,122.71610686015558,160.69748681190006,149.20706135322834
2023-01-30,131.82922803207396,125.59929566324348,158.36868590476968,146.81899506387484
2023-01-31,132.38441152643975,128.50977636359096,155.18287231025062,147.029474334295
2023-02-01,133.54626080972682,130.31689525057843,155.76152303156883,145.97960202423238
2023-02-02,131.3625384728821,130.56747869729716,152.45271522800635,137.4796463255604
2023-02-03,132.5357630619642,132.95408205518194,145.27849645707835,134.7307938514739
2023-02-04,134.2034718632844,138.4517213017573,145.36796972810677,132.796051726284
2023-02-05,133.73940580990288,142.28649178218288,143.51899329732404,130.70002007554206
2023-02-06,132.47491705476077,139.60203341684485,143.89980750116428,134.97307022232263
2023-02-07,133.35741003633487,138.92537258279438,143.08875575419216,130.78029158050504
2023-02-08,135.73946617150435,138.73688642539486,142.60088057985683,139.15835841423453
2023-02-09,136.57766527071348,136.67861081202625,141.41342138275638,142.3825064783112
2023-02-10,136.9143849680777,132.77430981342974,144.04153024047903,140.50834238785285
2023-02-11,142.07139610292916,135.66891740520424,142.78167993931197,144.13631376751277
2023-02-12,142.29261692442785,138.00994881459505,144.19445559480025,141.72532646260655
2023-02-13,140.48962765257818,140.88044759866628,143.25783955072578,140.60952732331705
2023-02-14,137.83402926740146,142.10216020744969,149.19594839764207,137.6355432592742
2023-02-15,137.9283613792524,146.1441724717691,148.98814412934937,138.90831912656617
2023-02-16,135.02526308198384,147.4252930319674,148.46029622362565,141.674622726642
2023-02-17,138.25881041444842,155.09012166556425,150.21103853479693,142.62609905593752
2023-02-18,138.82396902251782,154.02568762349364,151.25796093557648,141.81198526007367
2023-02-19,139.31946224334544,158.1153700896791,148.24326100738233,145.0733164913078
2023-02-20,143.01732139368207,157.77362418687426,141.9818958673133,143.33875612452354
2023-02-21,146.75577857618848,157.73301937037112,139.17263573677337,141.9203476891143
2023-02-22,149.25244666143195,159.489324704316,138.53541406384943,140.90753479734022
2023-02-23,148.11287990587735,156.57893102073587,143.0388559468487,140.02736864967383
2023-02-24,151.7480395582874,161.3743676300341,145.92340869304516,138.84660099049063
2023-02-25,153.00369416058444,161.3285514899449,143.315168255584,139.775093986024
2023-02-26,149.4263460272211,165.19294910774224,142.01209716649964,140.36539120093764
2023-02-27,150.30284472680592,164.370602174667,143.70685192877474,139.0602635282863
2023-02-28,152.95207454396328,159.97868648396147,144.09882552965442,144.4806351324256
2023-03-01,149.92260993227742,157.84218721814472,145.60871564608675,145.028453057709
2023-03-02,151.003942046342,159.41804298721783,147.4862569458215,148.27621977706644
2023-03-03,152.27182748915814,158.68071013271577,149.49966175142242,153.9400212476019
2023-03-04,151.8983541956878,155.61966623253673,152.83972539557152,153.60017967311487
2023-03-05,145.32823530151447,158.28829973691052,151.2339050818965,153.35278114048316
2023-03-06,146.32222326050294,158.92303480511097,153.41001523838057,152.04779077519805
2023-03-07,147.8530633282946,158.1298604985676,155.7075157840528,153.94950566253462
2023-03-08,145.11648438789751,161.59601048136125,154.0695865554142,156.4682975355099
2023-03-09,146.21149655839668,167.56919265749858,153.41181424246065,155.40645110723355
2023-03-10,146.18395146491997,166.58663466723777,155.89690737461902,150.41383048657292
2023-03-11,143.13255906281435,163.0623180902968,158.89108704895995,155.58991144970227
2023-03-12,142.86218389579932,162.5443613233676,159.14547855331344,159.23656027635496
2023-03-13,140.24108245271688,163.3517808767908,162.28127351853973,160.86425782832535
2023-03-14,140.80087329170632,166.65490447217803,153.54005019075626,163.07734888342057
2023-03-15,138.98714491870044,160.58655644208767,155.14055965656866,167.5902162295219
2023-03-16,138.63287081525579,163.67905059850878,160.17418279382946,172.0310702247573
2023-03-17,143.20765720425777,166.1412008718625,160.44786805971276,166.5537185771194
2023-03-18,142.5315380866798,163.37246907249806,167.44642024737038,166.00114059872354
2023-03-19,142.91125580651044,165.2070941171347,167.62593100260176,171.66194894853444
2023-03-20,141.16016601341988,165.8831461794236,165.17030972540866,167.16432859968245
2023-03-21,139.46124951794118,165.79344720028348,163.78518415956728,164.88279970122343
2023-03-22,135.56660595379327,165.55103870237025,158.88892312501278,167.42217936561872
2023-03-23,135.817240825004,160.75816561613837,157.93810296417917,164.93711050853614
2023-03-24,136.7113923001051,165.1000843453019,152.04646693304193,165.34953931319185
2023-03-25,136.30089502986868,167.34987042709804,152.72519210814008,162.89585356944124
2023-03-26,135.45840846899142,164.71904392132979,156.04240508560574,162.99786432418287
2023-03-27,140.63614544044867,164.55214790501338,153.86278365287032,158.09581963319434
2023-03-28,135.59254039434927,159.37159889469262,154.71557321185082,159.73598478743006
2023-03-29,131.3317056196989,162.25634695819798,153.25177497634272,160.23689451097601
2023-03-30,135.5926856597038,165.19915565160622,152.45936936279568,157.4129043976208
2023-03-31,129.78439561063266,162.85612506027857,151.8460855753665,154.33649104788557
2023-04-01,129.46965036687962,163.13901228253567,151.19358477936632,152.3609759961679
2023-04-02,129.93225752519842,164.61359530615726,147.92659658914823,156.69086888022184
2023-04-03,129.70204840484573,164.70857610928084,150.05145689421985,157.45306381888915
2023-04-04,132.20046429109163,165.68735407284188,148.24352477917333,158.6229511841535
2023-04-05,129.20288167135624,166.08023095183722,148.17465086529887,157.99443357255552
2023-04-06,128.89657391007503,159.86268851617274,146.57814336295974,158.31941201058785
2023-04-07,129.33445204977886,156.60892283488278,150.3179610987101,155.60843003963635
2023-04-08,131.86800325650557,157.97829359652692,148.40523325848935,161.16461854226893
2023-04-09,128.74632674481393,160.91401741322693,151.4047473512108,159.0352464623259
2023-04-10,132.35757186022084,160.14148043262372,152.30922002074146,159.89506046738853
2023-04-11,132.02850779658,162.77038947292678,154.7567948271969,154.33540696768037
2023-04-12,135.49911541666395,157.3908541830576,157.98361700806038,157.84408396557114
2023-04-13,132.5697155148786,156.12916412005868,154.52154927405985,157.19717251934702
2023-04-14,131.77950910951492,158.59494489689493,158.60187233346974,161.61656292959506
2023-04-15,130.32422047974578,157.96303325511957,153.29366372305816,159.0440472358818
2023-04-16,132.86515606308245,163.09867312742156,149.53996523814484,157.1912977729633
2023-04-17,132.82156099390883,164.04517112735343,147.14851158667722,158.55591015080327
2023-04-18,131.58940367134173,164.03056365659077,148.78563956893439,158.60798710953554
2023-04-19,130.4672463699764,163.70378261091722,148.5524539088568,157.46597461379883
2023-04-20,129.81805162589905,168.97061514487666,150.248683608376,156.56690588356844
2023-04-21,131.6535604935377,167.87629557727718,153.8039419952166,157.75569395107468
2023-04-22,131.39735701950147,169.41309201583817,149.00256389212737,154.23216541027764
2023-04-23,128.28606468449883,169.931303267566,154.19534794300273,161.14577690791089
2023-04-24,129.94878319486463,171.66747261545294,148.67189253292898,159.42901424197834
2023-04-25,127.92734215188037,169.57021934855317,148.2016617169013,157.95560133612315
2023-04-26,122.88879633904885,172.14059951608053,145.05165606904757,158.74300010215953
2023-04-27,128.01100455418177,169.00975934035307,137.7402184901573,157.86672533771733
2023-04-28,130.85530573208808,175.66315793107347,134.38059793816814,159.46654427978763
2023-04-29,129.66370995158866,175.3260661127664,141.51444286027507,154.70496790015892
2023-04-30,130.34765921100393,177.00110740505767,144.6158346856291,155.03907850598836
2023-05-01,131.17680207770707,175.65006302359348,145.42315819745727,154.0059220388197
2023-05-02,132.83375369357685,174.38675145979346,146.54902543387195,153.94659029116738
2023-05-03,135.8518700774688,174.24238112004505,141.3816116333921,157.86274985422622
2023-05-04,133.4181319142492,171.99895352542296,139.72557688092877,162.23377394204397
2023-05-05,127.74606226050263,182.82714260043704,142.70468493362068,162.99055852743035
2023-05-06,127.6313616245456,183.9078487402399,144.22055810968175,165.12643761362787
2023-05-07,129.07513898728448,184.2741221175547,143.68019707903957,164.6598785324342
2023-05-08,128.59779774755603,188.48946672764447,145.41458005515346,155.00952979970126
2023-05-09,130.3104652151583,189.26127905089228,145.3892524519258,153.83605045102487
2023-05-10,133.26620033811443,192.88573270982124,143.17096817518296,155.11920398468098
2023-05-11,130.7030735572769,187.60213664486136,141.40504813248583,157.8257036046299
2023-05-12,133.22074163028984,189.5647754940219,143.48397323491037,159.48659277233781
2023-05-13,131.53821270146022,191.24023445335916,145.8095888074521,161.92447717388592
2023-05-14,134.69227114281335,193.98760637630878,146.86364109778867,165.4225324260586
2023-05-15,134.64776542420543,190.6049488432719,146.41404166465736,162.9911432942488
2023-05-16,132.8564700575249,190.09215035626798,144.12289640640645,162.01984148677738
2023-05-17,127.85146214552367,190.9410779761789,144.15519571770272,159.40455404534842
2023-05-18,129.56274289039652,194.55967924690793,139.54926461932558,157.0047988924238
2023-05-19,127.59561158874244,190.94124626525902,141.8922265564856,156.42756717343988
2023-05-20,126.94611205203366,183.3270349704346,143.72382258380736,152.58176917075076
2023-05-21,127.1236655623913,184.38071420952974,147.66374844083305,148.61824288409767
2023-05-22,119.47206122634093,185.09555655974734,153.01068579395175,152.33056713270489
2023-05-23,119.99692448855359,183.3125822029698,155.51125557173592,149.39501635151402
2023-05-24,121.16415321903078,185.202425521478,158.83984930054515,157.67048448753914
2023-05-25,122.13932101713144,183.3542400469176,158.79037287251444,152.12339748405466
2023-05-26,120.4667130786768,181.89003748683143,157.15772710456508,152.61735697869184
2023-05-27,118.5093219008031,186.00450169639953,157.18980948702415,152.61949264146298
2023-05-28,117.75585215500722,186.6190259131211,159.81518822954516,150.0031970684737
2023-05-29,116.22946196567186,185.52272860560848,155.54533896784017,147.5753717442534
2023-05-30,115.14568993988664,188.80421448471057,156.39325185402276,148.17626888132227
2023-05-31,117.12826373632011,188.32324787558537,157.64585185669503,147.90000385076
2023-06-01,117.77331801399076,186.16597246257987,149.98799285828213,147.53238607944152
2023-06-02,121.14810805132777,189.65180147843492,152.91395107733905,151.20927885454088
2023-06-03,121.38715166112537,190.43815742611986,151.05558203312904,150.28365773780487
2023-06-04,122.9063632103739,195.06155573697328,150.66451038282875,148.96059268142918
2023-06-05,122.93224227307576,197.44601452343431,146.34388970617235,142.14957528630282
2023-06-06,121.60325413429125,192.66500765881932,144.88589422331813,141.75786701024853
2023-06-07,120.52524515575034,198.30033403341093,145.8616855502067,142.6381106698446
2023-06-08,122.0491835762513,193.82337434693287,148.92218982308088,142.45050079822522
2023-06-09,123.71022565172636,189.70711930728206,144.3241911032071,144.80916672605198
2023-06-10,124.66628184507638,186.3225486942671,141.8427875266819,148.0975940261095
2023-06-11,121.72562393612371,192.48115343044176,139.31622497405158,150.01809970948065
2023-06-12,120.94994328096129,194.84169391051734,137.82801004444494,149.55966568111955
2023-06-13,121.07311670848182,190.97530421929275,139.89770255288855,148.05445662576568
2023-06-14,120.5437852472333,187.21557579381414,132.7563902526111,147.51841728524678
2023-06-15,126.38440990962417,190.1908217795554,132.73180276089298,146.77229618783164
2023-06-16,126.46647356372895,192.31000062644083,129.62372084746298,150.07268172343854
2023-06-17,128.30120190278643,195.110748573782,130.78638272694963,150.16157474831496
2023-06-18,130.05344024893375,197.45915669651322,129.88646592505393,148.46894815333215
2023-06-19,130.3443861691802,203.61601278425542,126.69357843905067,144.14100329106873
2023-06-20,130.79996806072788,203.86396700584578,127.15814266977183,144.87310466577884
2023-06-21,130.24223109879372,209.97932921705478,123.11221476839134,142.5015405629865
2023-06-22,129.99931693834583,203.12061139603577,122.70384070721686,147.26528203541275
2023-06-23,130.0796213859678,204.09843769869894,119.63584034314663,145.47936236000626
2023-06-24,129.12952924828656,202.84235428861393,122.72637815993237,147.13110903064162
2023-06-25,126.2849142989654,203.8829549514825,123.97382244983474,150.51556310240483
2023-06-26,130.3021401848115,199.78452347479373,121.9881151117866,146.75996542343228
2023-06-27,129.7183348431007,201.6879040916335,124.42137426807918,146.56638602444394
2023-06-28,128.91447674766317,202.34039670016793,122.36806599231203,152.7208220795876
2023-06-29,124.79524404104198,203.12847441991556,127.3450351930534,152.77213580102787
2023-06-30,124.34588373484348,201.71695324632225,126.91106449884066,156.99735010033842
2023-07-01,118.8700344303163,207.943688121586,123.3221283513767,156.19147538860076
2023-07-02,117.87332245680389,210.43299561065317,119.40511084815762,157.6664622956709
2023-07-03,122.66913914085731,204.7379464232746,119.88202958976922,155.6105478266105
2023-07-04,123.73853730778154,204.85729954509267,118.36795094345717,157.16003140654
2023-07-05,128.22863293322456,204.11611030007825,120.09554998939305,153.1264470392961
2023-07-06,125.8014280780716,206.08544816058387,123.68428371329291,154.24614850108986
2023-07-07,125.03892541746478,206.12374462959812,120.61590487152345,156.14188094679398
2023-07-08,127.27045276201268,204.30123833223615,119.50613687290242,157.00340386059685
2023-07-09,126.18427648184523,204.07187907865853,124.54863089089999,156.25912702420555
2023-07-10,125.30517548079776,201.46979199331514,126.4273024404845,155.72402022755549
2023-07-11,123.70284046550661,206.83414292255327,130.0421194689139,153.8851576016771
2023-07-12,119.10965515708658,211.04327436154097,128.2875136209384,156.3492455318191
2023-07-13,114.44030936109166,214.8530163156349,125.20560641616444,158.66560375448097
2023-07-14,114.49586570893855,210.7968516861029,124.21138296957974,160.87523952204944
2023-07-15,114.7612544237444,213.30285938380194,129.14615361337113,155.87445969086642
2023-07-16,118.49607355009424,213.7907083530263,126.85049278869407,151.75839623017535
2023-07-17,118.0715722900975,217.77427110033645,126.55226951175871,156.3753568828146
2023-07-18,114.66833469668443,217.76517271844563,123.40771531141847,157.54389326258013
2023-07-19,116.72522636534268,215.97618045950378,117.0047952099069,158.20226335330656
2023-07-20,117.76813953688705,217.76573643472443,119.9200450145129,154.8450414801099
2023-07-21,119.39384886923294,223.00303511518553,115.67826296078951,155.86594049327823
2023-07-22,118.21380822808187,222.68403965156116,116.50577084714229,154.37826691376193
2023-07-23,116.63989048396395,222.88068042529346,113.995663477159,151.05658653577052
2023-07-24,118.24805896849631,217.8043766368849,115.53759732233983,152.4843470862714
2023-07-25,114.19024266360485,214.89640657754916,118.31999546916643,149.52259624770087
2023-07-26,113.15247200399514,216.92529037046154,120.19747469843836,148.80028582097788
2023-07-27,111.82290738685698,223.13963533379848,124.40174116022669,151.743133032832
2023-07-28,112.03608242342371,219.5771408932699,122.36044690621057,153.359240207176
2023-07-29,112.99600359113435,225.77623655583267,123.97670627584996,148.77968699425224
2023-07-30,115.39592032765064,221.31462435735182,123.04943174508112,149.5539370990916
2023-07-31,120.02483724474804,235.124296422309,124.56718018449702,149.0358923746539
2023-08-01,121.33192128150252,239.34550843107405,123.79320038269157,154.41671808171893
2023-08-02,121.91448621062655,241.7760289872929,125.46669691025355,155.74960184130086
2023-08-03,123.98444910938944,238.839643706629,124.09082471069941,152.35378008668187
2023-08-04,125.09907235843826,242.60822997474872,125.2517511254609,157.48655588164007
2023-08-05,125.11009103762167,245.9015962082173,122.54205254685301,156.2987932143064
2023-08-06,126.87548889921234,250.1266878149691,121.84609469440835,156.10623543973995
2023-08-07,123.04924452304404,248.39066252351242,124.04025813847801,157.93331848023695
2023-08-08,124.30598514743951,248.68760703871948,124.08258851049594,155.87917096753912
2023-08-09,126.06821744891509,250.83115964349201,125.32842447329602,154.2703892982314
2023-08-10,120.66406902311668,256.3853276153244,124.153251279384,151.63922831617083
2023-08-11,122.36176158278663,254.42647889854717,126.8099728942139,153.54080228304
2023-08-12,124.05908886611847,247.52665815568463,129.90906656751585,154.37376276674692
2023-08-13,123.16765697521228,248.2860128501016,125.32006715862624,155.66634296276987
2023-08-14,120.65658497021079,241.61868781321365,121.5294880629304,159.1616388351998
2023-08-15,119.1622208446101,249.0785570854321,120.2514804103807,153.75855335079058
2023-08-16,116.52510265094769,255.28465629966396,119.90059097265949,152.10322783088054
2023-08-17,116.92133047534826,257.89766189771666,122.6041066584311,156.54007664399188
2023-08-18,116.10342216686385,251.1095494739875,121.61477694548472,157.38627126830914
2023-08-19,113.88872866175895,246.3527766835241,122.47529363149883,157.26460427852064
2023-08-20,113.98621056971831,242.66489860276357,121.93542078771998,154.38907400548737
2023-08-21,116.03841468261824,247.73780507927046,117.45749399517386,151.54982540062548
2023-08-22,112.58852471981851,244.5666425851072,117.28497719726047,147.1862657669423
2023-08-23,110.53522569759713,239.70486623785342,117.79462107274577,147.41983370050468
2023-08-24,108.96178427568535,240.60050368118567,116.53026052872085,146.64837064348163
2023-08-25,112.63042314571653,247.09893586643733,113.52475577847838,149.11127846065148
2023-08-26,114.48070797577297,241.47366291870526,115.40649137051706,153.72756060714238
2023-08-27,111.93340963430036,237.09090231271782,117.77846745461879,154.5930323562539
2023-08-28,113.1903687126269,238.75333258586787,118.72233448426346,150.52268398969187
2023-08-29,115.58393233380433,244.38595342140928,118.20140285826355,150.42190318293643
2023-08-30,112.06762060084748,246.94836338911182,119.57740298135764,150.26488974081468
2023-08-31,114.61010624007275,245.3477565530684,120.95160066847875,147.2305477302386
2023-09-01,114.57904197104318,244.54127758394026,121.52081806489525,146.17188079712048
2023-09-02,114.30067769828727,248.63023845243512,120.48360328029466,141.50438724406877
2023-09-03,118.32311035264082,255.54938964004373,117.39377068313013,143.48462172869105
2023-09-04,117.15650418910056,256.94717945908786,118.10805103588385,142.84064036186393
2023-09-05,115.34347058026746,253.44991738111221,115.96747981584457,140.4928481521192
2023-09-06,115.2115677319447,249.87242116249195,117.57259049508542,144.6998956870783
2023-09-07,113.89803317936631,251.11880729044387,118.77109047018722,146.0948092535374
2023-09-08,114.09383589850725,254.89906151378347,119.940389368041,142.50770710518455
2023-09-09,116.09996165329942,259.4734333602676,118.13340079522672,142.64433732544902
2023-09-10,117.70987104286914,258.4391005386195,120.6921183906102,149.4167267032508
2023-09-11,115.8830467262185,251.3524698578717,121.44962701248858,151.60288020114638
2023-09-12,115.37115335980843,258.70835349330383,118.22245343602822,153.7341699571187
2023-09-13,113.99625035715093,267.6564437069556,122.95729899792522,151.40769050780955
2023-09-14,112.7661005502105,272.31145973334884,122.02987967657619,151.30045989330574
2023-09-15,112.84591283399448,261.91094203779335,122.02051328269401,149.24359739694248
2023-09-16,111.75554411590171,269.52538458588936,118.97852506168658,151.7007594662643
2023-09-17,111.15438214337694,268.0712403226935,120.88306641554773,152.76282041102925
2023-09-18,112.44513572278396,273.315703826967,120.1062515630633,150.92283276865862
2023-09-19,110.02722678515968,268.85841376878466,127.21436635196306,154.7100286994944
2023-09-20,107.07613291662898,261.80110648101873,128.46581493939414,156.43431775540566
2023-09-21,108.27299531333693,260.5185125251929,128.16917642740418,157.49143681231345
2023-09-22,108.48064777375654,249.00723958860203,127.60574567480676,154.84115064681782
2023-09-23,108.88248486772238,263.9240631104257,128.56912226283507,153.90117292956978
2023-09-24,110.91162212649756,266.52470689117666,129.67505968538455,155.79985352593363
2023-09-25,115.49569610590393,260.5498176575177,130.92936005391041,152.9444126094326
2023-09-26,116.80198164082374,255.8146555600067,129.8626345296601,152.0723544199528
2023-09-27,119.1048885679061,260.56490063561245,126.65316424887199,152.26984808279107
2023-09-28,117.43842095502106,254.05856947574858,126.1287769590777,151.36084950572118
2023-09-29,123.16170368445076,256.3093242670759,122.67885850471845,149.6814282146211
2023-09-30,125.70224216078611,267.06633324962434,118.81206182936168,144.0835691622019
2023-10-01,130.43107296019792,269.20080311092454,116.77255124681396,145.65301121416329
2023-10-02,123.58149106174221,269.2728170532839,117.56151605117553,148.37459639638652
2023-10-03,121.10023188863902,269.7881360834222,115.40914191377263,149.1621205491532
2023-10-04,118.9559189898407,267.6400784160166,113.13369973781009,151.1344502251995
2023-10-05,121.02206700343365,266.4377290768715,113.24284659456534,146.78603577421282
2023-10-06,120.32092166934551,266.2234885396114,119.20121656315632,143.55096834886706
2023-10-07,123.86840895075879,271.58447764238707,119.89410082301164,148.62871201182412
2023-10-08,124.81502488962259,273.75258647541966,119.79070258460285,152.29558709525904
2023-10-09,127.57710458877673,270.3817214776945,116.65398975864471,151.70778510585527
2023-10-10,125.56128793759022,270.09228014517726,119.56436246640445,150.35060223850724
2023-10-11,125.47886101695127,270.45972845609947,121.61711728945141,143.6242490683977
2023-10-12,123.98139554983871,271.6566950026128,124.56044357691667,142.23999152545164
2023-10-13,119.35303936259072,275.0780016069424,123.00253524594787,138.88407601361422
2023-10-14,117.88655957297736,274.1178398746682,121.53943321470383,132.78549275027305
2023-10-15,120.02517783809672,281.16198329115224,123.14745337243316,129.79068680197742
2023-10-16,119.5655017297659,281.1815447693388,124.64688294647263,131.55153236030358
2023-10-17,117.83377765795589,281.6988938226244,125.81178386441778,135.4081558132305
2023-10-18,119.51763775293311,286.2007615213295,126.0478737730933,139.25499087843139
2023-10-19,120.52101890872603,281.3291213610641,129.6109193648737,141.22657215363606
2023-10-20,119.47720077555131,278.6874804809915,130.40563013008332,142.5630974862533
2023-10-21,119.97253476835208,280.4783745741613,134.86539150862765,145.64686032320634
2023-10-22,120.4539499773283,285.8148154823386,132.1073297771042,146.83512620451955
2023-10-23,124.83680269821204,284.62556349827,129.89417814429274,144.9495021446979
2023-10-24,122.14124396882839,280.21522260471323,128.95762008067845,140.90376725190782
2023-10-25,122.20382507236866,285.32790163130966,126.64217007258911,145.2134045726859
2023-10-26,123.47668077807867,291.26603513079755,125.00130659763227,147.72421760391225
2023-10-27,120.80480864123679,296.5102655348987,125.45590969893313,149.3883345196463
2023-10-28,117.98861997552143,291.26161965589137,126.97951706924995,146.58476960862853
2023-10-29,119.10527912289162,283.35597654377426,129.1589280109639,143.00070363989818
2023-10-30,120.4447369434537,286.95817302226817,127.38487377383383,144.69390795323073
2023-10-31,121.09620388876576,283.9230631648527,124.84085852608746,139.04324711127103
2023-11-01,121.96724899789393,275.09417585560635,125.10388373206737,138.33844185249833
2023-11-02,123.64830596763335,273.4873755357163,124.30460055763473,140.39102659824349
2023-11-03,124.50162278276899,275.27136627062146,125.49610388386212,136.10749386770934
2023-11-04,126.41095148256574,278.6983229784004,122.96940767422278,135.4702917350061
2023-11-05,126.33685624027808,278.0043820778211,123.81509280245899,139.37553930364243
2023-11-06,129.0954637627165,270.7639292338256,125.38028889260686,143.10783037367972
2023-11-07,130.11998736278392,276.72604495248316,130.45134594662574,146.06646898127835
2023-11-08,130.79481198654318,282.5654541626517,130.85545247259066,146.1655109376854
2023-11-09,129.90170777114903,291.45729936913125,128.7397064951176,150.67433026831287
2023-11-10,131.2263521792513,283.35883085503866,129.71207567787368,144.37606338264428
2023-11-11,132.89426015583942,288.4322657823263,128.2013036820537,144.76168519496207
2023-11-12,138.11476513559617,285.5724788790385,125.51187728000062,149.08039935264478
2023-11-13,143.5636334661891,285.6507010182286,128.07599214292523,153.10997073670129
2023-11-14,141.46047150859104,282.93527211681084,131.25451683086845,158.30044246892828
2023-11-15,143.08127144056127,278.0132489008266,136.496982656825,156.65104399618693
2023-11-16,142.15084889809378,279.9723406223695,140.76704621320093,159.35789877047753
2023-11-17,143.35874872897296,282.62249457370723,140.91770824988131,161.1686491553205
2023-11-18,136.13472912725837,281.00246027279246,141.62602247190927,157.49073518483746
2023-11-19,137.21379647760023,279.90952244180545,146.62676849037405,162.4769539915612
2023-11-20,135.9629402257135,279.1210861100768,146.43923999241437,161.0417642638027
2023-11-21,136.5204562186774,274.94386003438484,143.15719883297245,163.0796228991309
2023-11-22,138.26663363074343,270.5760152134436,145.7493617812963,161.0522896656353
2023-11-23,138.99437306178632,275.06943869722403,145.68053145658456,162.54924142566782
2023-11-24,137.58655564474518,274.0436135284369,145.10987333695593,160.15463639605406
2023-11-25,137.12763799127248,265.6106431592049,143.7134701508881,159.27418470215795
2023-11-26,136.45247703165313,264.38087944945596,143.56468589505843,160.83329267720882
2023-11-27,138.86636794649658,260.99804558314946,140.1386557747853,157.51355065700537
2023-11-28,137.54101921770064,259.21322966928295,138.00855923256455,153.4619346101025
2023-11-29,136.31382095159975,260.20563591817137,139.67854413002885,151.78176259449904
2023-11-30,135.21513749216888,255.43503459019678,139.61865228792277,149.23659907635545
2023-12-01,136.7920916410272,246.36266421430153,138.64235581456913,150.16517110132884
2023-12-02,137.32239221942683,259.6811957126851,139.6400262751338,147.17972352895197
2023-12-03,137.08766912223675,250.50797651673085,139.44285525819745,144.75698027058795
2023-12-04,139.62486104033528,247.8047936679667,139.14510037534257,142.94590298846214
2023-12-05,144.50852357998974,246.26224467919675,144.27275607058672,145.3020853451727
2023-12-06,145.93068030539123,248.12759817905334,145.43789505273702,139.72924884940926
2023-12-07,145.14591357276637,252.37136404812608,145.32475256297792,135.83027226348554
2023-12-08,145.02281691839403,261.0231869933224,148.97790211414875,135.68899788846593
2023-12-09,147.81145856805637,259.16205502048314,143.93091340502457,133.20733841781825
2023-12-10,152.4612782288266,257.7937152285217,143.25909001851366,132.4351669238663
2023-12-11,158.29791245184396,266.2285137635699,149.64495058041427,132.0403903774956
2023-12-12,159.26550682310048,258.2062896294648,154.09519515466997,128.9829170990856
2023-12-13,159.98785732505544,252.5913226021685,152.31118322197267,126.84886266782016
2023-12-14,158.0748016869918,249.9182865340238,150.6714960810426,128.9883816189909
2023-12-15,154.61339730923532,251.07061690231208,154.37186493312834,127.69025192508803
2023-12-16,152.42432241487788,249.96327182858894,158.04506691658028,128.21150302141336
2023-12-17,150.83540770110767,252.43229230080314,154.59243919831326,129.98430786065413
2023-12-18,152.09822377958483,250.92876280007945,152.03057720497247,127.70521260270102
2023-12-19,153.7555387624356,257.14667969253946,150.1231780276537,128.90152107384742
2023-12-20,147.36845059704967,254.19145886192024,150.05994934908466,126.58210985516993
2023-12-21,144.63769441862902,250.84741996055277,150.96688985921102,126.13317622940143
2023-12-22,138.191969854235,240.25814620857577,149.16475226788378,127.31299212097782
2023-12-23,130.6259461202008,237.90491292328397,147.62463259535883,130.87352345176816
2023-12-24,129.64619454078675,239.77479312717597,148.07121819001557,125.32300331324655
2023-12-25,131.66402662479638,240.85568113652334,149.60603156654153,135.18902593575547
2023-12-26,126.20230539901682,249.21191199939253,148.77587511963216,135.99293803513123
2023-12-27,126.11267085447857,247.14725942607765,147.11008244324202,136.91635384391455
2023-12-28,122.3111968479009,250.9067605626691,145.91497659542895,133.84923764483918
2023-12-29,121.23482686210222,257.2654866657193,144.38189145689438,134.83558236293598
2023-12-30,119.486726676872,261.21668243455616,146.3902659138831,139.84771445138435
2023-12-31,119.0910727988038,264.76220156689874,146.7066666308784,143.50017813258634
2024-01-01,117.40276060930657,268.7601389435406,146.16474013789812,143.34465787123133
